id,name,filePath,startLine,endLine,content,description
"Constructor:test/AutoCompletion.java:AutoCompletion.AutoCompletion#1","AutoCompletion","test/AutoCompletion.java",32,94,"    FocusListener editorFocusListener;

    public AutoCompletion(final JComboBox comboBox) {
        this.comboBox = comboBox;
        model = comboBox.getModel();
        comboBox.addActionListener(new ActionListener() {
            public void actionPerformed(ActionEvent e) {
                if (!selecting) {
                    highlightCompletedText(0);
                }
            }
        });
        comboBox.addPropertyChangeListener(new PropertyChangeListener() {
            public void propertyChange(PropertyChangeEvent e) {
                if (e.getPropertyName().equals(""editor"")) {
                    configureEditor((ComboBoxEditor) e.getNewValue());
                }
                if (e.getPropertyName().equals(""model"")) {
                    model = (ComboBoxModel) e.getNewValue();
                }
            }
        });
        editorKeyListener = new KeyAdapter() {
            public void keyPressed(KeyEvent e) {
                if (comboBox.isDisplayable()) {
                    comboBox.setPopupVisible(true);
                }
                hitBackspace = false;
                switch (e.getKeyCode()) {
                    // determine if the pressed key is backspace (needed by the remove method)
                    case KeyEvent.VK_BACK_SPACE:
                        hitBackspace = true;
                        hitBackspaceOnSelection = editor.getSelectionStart() != editor.getSelectionEnd();
                        break;
                    // ignore delete key
                    case KeyEvent.VK_DELETE:
                        e.consume();
                        comboBox.getToolkit().beep();
                        break;
                }
            }
        };
        // Bug 5100422 on Java 1.5: Editable JComboBox won't hide popup when tabbing out
        hidePopupOnFocusLoss = System.getProperty(""java.version"").startsWith(""1.5"");
        // Highlight whole text when gaining focus
        editorFocusListener = new FocusAdapter() {
            public void focusGained(FocusEvent e) {
                highlightCompletedText(0);
            }

            public void focusLost(FocusEvent e) {
                // Workaround for Bug 5100422 - Hide Popup on focus loss
                if (hidePopupOnFocusLoss) {
                    comboBox.setPopupVisible(false);
                }
            }
        };
        configureEditor(comboBox.getEditor());
        // Handle initially selected object
        Object selected = comboBox.getSelectedItem();
        if (selected != null) {
            setText(selected.toString());
        }
        highlightCompletedText(0);
    }

    public static void enable(JComboBox comboBox) {
",""
"Constructor:scroll/ScrollBarCustomUI.java:ScrollButton.ScrollButton#2","ScrollButton","scroll/ScrollBarCustomUI.java",93,123,"        public  final boolean increase;

        public ScrollButton(int orientation, boolean increase) {
            this.orientation = orientation;
            this.increase = increase;
            setContentAreaFilled(false);
            setPreferredSize(new Dimension(18, 18));
            addMouseListener(new MouseAdapter() {
                @Override
                public void mousePressed(MouseEvent me) {
                    if (SwingUtilities.isLeftMouseButton(me)) {
                        pressed = true;
                    }
                }

                @Override
                public void mouseReleased(MouseEvent me) {
                    if (SwingUtilities.isLeftMouseButton(me)) {
                        pressed = false;
                    }
                }

                @Override
                public void mouseEntered(MouseEvent me) {
                    hovered = true;
                }

                @Override
                public void mouseExited(MouseEvent me) {
                    hovered = false;
                }
            });
        }

        @Override",""
"Constructor:table/TextAreaCellRenderer.java:TextAreaCellRenderer.TextAreaCellRenderer#1","TextAreaCellRenderer","table/TextAreaCellRenderer.java",17,23,"    public  final HoverIndex hoverRow;

    public TextAreaCellRenderer(HoverIndex hoverRow) {
        this.hoverRow = hoverRow;
        setWrapStyleWord(true);
        setLineWrap(true);
        setOpaque(true);
        setBorder(new EmptyBorder(8, 10, 8, 10));
    }

    @Override",""
"Constructor:table/TableScrollButton.java:TableScrollButton.TableScrollButton#0","TableScrollButton","table/TableScrollButton.java",35,37,"    public  TimingTarget target;

    public TableScrollButton() {
        init();
    }

    public  void init() {",""
"Constructor:table/TableHeaderCustomCellRender.java:TableHeaderCustomCellRender.TableHeaderCustomCellRender#1","TableHeaderCustomCellRender","table/TableHeaderCustomCellRender.java",13,15,"    public  final JTable table;

    public TableHeaderCustomCellRender(JTable table) {
        this.table = table;
    }

    @Override",""
"Constructor:table/TableCustomCellRender.java:TableCustomCellRender.TableCustomCellRender#1","TableCustomCellRender","table/TableCustomCellRender.java",12,14,"    public  final HoverIndex hoverRow;

    public TableCustomCellRender(HoverIndex hoverRow) {
        this.hoverRow = hoverRow;
    }

    @Override",""
"Constructor:table/HoverIndex.java:HoverIndex.HoverIndex#1","HoverIndex","table/HoverIndex.java",7,10,"    javax.swing.JFrame frmMain;
    public static HoverIndex gI;
    HoverIndex(javax.swing.JFrame frmMain) {
        this.frmMain = frmMain;
        gI = this;
    }

    public int getIndex() {",""
"Constructor:com/langla/data/XYBlockMap.java:XYBlockMap.XYBlockMap#2","XYBlockMap","com/langla/data/XYBlockMap.java",12,15,"    public MapTemplate map;

    public XYBlockMap(BlockMap[] var1, MapTemplate map) {
        this.a = var1;
        this.map = map;
    }

    public boolean a(int var1, int var2) {",""
"Constructor:com/langla/data/Trade.java:Trade.Trade#0","Trade","com/langla/data/Trade.java",22,30,"

    public Trade()
    {
        IsTrade = false;
        IsLock = false;
        Id_Char_Trade = -1;
        Items = new ArrayList<>();
        bac = 0;
        IsHold = false;
    }
}
",""
"Constructor:com/langla/data/SkillTemplate.java:SkillTemplate.SkillTemplate#1","SkillTemplate","com/langla/data/SkillTemplate.java",59,61,"    }

    public SkillTemplate(int var1) {
        this.id = (short) var1;
    }
}
",""
"Constructor:com/langla/data/SkillClan.java:SkillClan.SkillClan#0","SkillClan","com/langla/data/SkillClan.java",18,20,"

   public SkillClan(){

   }
   public SkillClan a() {
      SkillClan var1;",""
"Constructor:com/langla/data/NpcTemplate.java:NpcTemplate.NpcTemplate#1","NpcTemplate","com/langla/data/NpcTemplate.java",21,23,"   

   public NpcTemplate(int var1) {
      this.id = (short)var1;
   }
}
",""
"Constructor:com/langla/data/MobTemplate.java:MobTemplate.MobTemplate#1","MobTemplate","com/langla/data/MobTemplate.java",26,28,"    }

   public MobTemplate(int var1) {
      this.id = (short)var1;
   }
}
",""
"Constructor:com/langla/data/MapTemplate.java:MapTemplate.MapTemplate#1","MapTemplate","com/langla/data/MapTemplate.java",32,34,"    public byte[] arrMap;

    public MapTemplate(int var1) {
        this.id = (short) var1;
    }

    @Override",""
"Constructor:com/langla/data/LangLa_lo.java:LangLa_lo.LangLa_lo#2","LangLa_lo","com/langla/data/LangLa_lo.java",21,25,"   }

   public LangLa_lo(int var1,MapTemplate map) {
      this.k = (short)var1;
      this.map = map;
      this.p = this.o().type;
   }

  ",""
"Constructor:com/langla/data/LangLa_ju.java:LangLa_ju.LangLa_ju#1","LangLa_ju","com/langla/data/LangLa_ju.java",8,10,"   public byte e;

   public LangLa_ju(short var1) {
      this.a = var1;
   }
}
",""
"Constructor:com/langla/data/LangLa_et.java:LangLa_et.LangLa_et#5","LangLa_et","com/langla/data/LangLa_et.java",8,14,"   public short e;

   public LangLa_et(short var1, short var2, short var3, short var4, short var5) {
      this.a = var1;
      this.b = var2;
      this.c = var3;
      this.d = var4;
      this.e = var5;
   }
}
",""
"Constructor:com/langla/data/ItemTemplate.java:ItemTemplate.ItemTemplate#1","ItemTemplate","com/langla/data/ItemTemplate.java",37,40,"        return ""ItemTemplate{"" + ""id="" + id + "", name="" + name + "", detail="" + detail + "", isXepChong="" + isXepChong + "", gioiTinh="" + gioiTinh + "", type="" + type + "", idClass="" + idClass + "", idIcon="" + idIcon + "", levelNeed="" + levelNeed + "", taiPhuNeed="" + taiPhuNeed + "", idMob="" + idMob + "", idChar="" + idChar + '}';
    }
    @JsonIgnore
    public ItemTemplate(int var1) {
        this.id = (short) var1;
    }
}
",""
"Constructor:com/langla/data/ItemOptionTemplate.java:ItemOptionTemplate.ItemOptionTemplate#1","ItemOptionTemplate","com/langla/data/ItemOptionTemplate.java",22,25,"        return ""id="" + id + "", name="" + name + "", type="" + type + "", level="" + level + "", strOption="" + strOption;
    }
    @JsonIgnore
    public ItemOptionTemplate(int var1) {
        this.id = (short) var1;
    }
    @JsonIgnore
    public int[] a() {",""
"Constructor:com/langla/data/ItemOption.java:ItemOption.ItemOption#1","ItemOption","com/langla/data/ItemOption.java",17,25,"    public int[] a;

    public ItemOption(String var1) {
        String[] var3 = Utlis.split(var1, "","");
        this.a = new int[var3.length];

        for (int var2 = 0; var2 < var3.length; ++var2) {
            this.a[var2] = Integer.parseInt(var3[var2]);
        }

    }
    @JsonIgnore
    public ItemOption() {",""
"Constructor:com/langla/data/ItemOption.java:ItemOption.ItemOption#0","ItemOption","com/langla/data/ItemOption.java",26,29,"
    }
    @JsonIgnore
    public ItemOption() {

    }
    @JsonIgnore
    public ItemOption(int... var1) {",""
"Constructor:com/langla/data/ItemOption.java:ItemOption.ItemOption","ItemOption","com/langla/data/ItemOption.java",30,33,"
    }
    @JsonIgnore
    public ItemOption(int... var1) {
        this.a = var1;
    }
    @JsonIgnore
    public ItemOptionTemplate getItemOptionTemplate() {",""
"Constructor:com/langla/data/InfoTuongKhac.java:InfoTuongKhac.InfoTuongKhac#0","InfoTuongKhac","com/langla/data/InfoTuongKhac.java",57,59,"

    public InfoTuongKhac() {

    }


",""
"Constructor:com/langla/data/EffectTemplate.java:EffectTemplate.EffectTemplate#1","EffectTemplate","com/langla/data/EffectTemplate.java",14,16,"    }

   public EffectTemplate(int var1) {
      this.id = (byte)var1;
   }
}
",""
"Constructor:com/langla/data/DataNameClass.java:DataNameClass.DataNameClass#1","DataNameClass","com/langla/data/DataNameClass.java",10,12,"    }

   public DataNameClass(int var1) {
      this.id = (byte)var1;
   }
}
",""
"Constructor:com/langla/data/DataNameChar.java:DataNameChar.DataNameChar#1","DataNameChar","com/langla/data/DataNameChar.java",12,14,"    }

   public DataNameChar(int var1) {
      this.id = (byte)var1;
   }
}
",""
"Constructor:com/langla/data/DataIconChar.java:DataIconChar.DataIconChar#1","DataIconChar","com/langla/data/DataIconChar.java",5,7,"   public short idIcon;

   public DataIconChar(int var1) {
      this.id = (byte)var1;
   }
}
",""
"Constructor:com/langla/data/DataCenter.java:DataCenter.DataCenter#0","DataCenter","com/langla/data/DataCenter.java",184,211,"        return objectMapper;
    }
    public DataCenter() {
        this.ipServer = ""http://localhost/"";
        this.portServer = 80;
        this.c = """";
        this.f = false;
        this.v = ""abcdefg"";
        this.typeOS = 0;
        this.VER1 = PKoolVNDB.version;
        this.VER2 = PKoolVNDB.version;
        this.bf = true;
        this.z = 1.0f;
        this.vSkillViThu = new Vector();
        this.ag = new Vector();
        this.ah = new Vector();
        this.ai = new Vector();
        this.aj = new Hashtable();
        this.ak = new Hashtable();
        this.al = new Hashtable();
        this.am = new Hashtable();
        this.an = new Hashtable();
        this.dataTreoCho = new String[2][];
        this.aU = ""http://localhost/"";
        this.aV = this.aU + ""checkpc.txt"";
        this.aW = this.aU + ""checkandroid.txt"";
        this.aX = this.aU + ""checkios.txt"";
        this.aY = """";
        this.aZ = """";
    }
    
    public static DataCenter gI() {",""
"Constructor:com/langla/server/tool/Test.java:Test.Test#0","Test","com/langla/server/tool/Test.java",31,116,"
    public Item item = null;
    public Test() {
        try {
            initComponents();

        } catch (Exception ex) {
            ex.printStackTrace();
        }
        jComboBox1.removeAllItems();
        for (int i = 0; i < DataCenter.gI().ItemTemplate.length; i++) {
            jComboBox1.addItem(""(ITEM: "" + i + "") "" + DataCenter.gI().ItemTemplate[i].name);
        }
        jComboBox2.removeAllItems();
        for (int i = 0; i < DataCenter.gI().ItemOptionTemplate.length; i++) {
            jComboBox2.addItem(""(OPTION: "" + i + "") "" + DataCenter.gI().ItemOptionTemplate[i].name);
        }

        TypeShop.removeAllItems(); // Xóa tất cả mục hiện tại
        for (Map.Entry<Integer, String> entry : DataCenter.gI().shopNames.entrySet()) {
            TypeShop.addItem(""(SHOP: "" + entry.getKey() + "") ""+ entry.getValue());
            shopMap.put(TypeShop.getItemCount() - 1, entry.getKey());
        }
        jComboBox1.setEditable(true);
        jComboBox2.setEditable(true);
        TypeShop.setEditable(true);
        JTextField tf1 = (JTextField) jComboBox1.getEditor().getEditorComponent();

        tf1.addKeyListener(
                new KeyAdapter() {
                    public void keyTyped(KeyEvent e) {
                        if (e.getKeyChar() == KeyEvent.VK_ENTER) {
                            boolean b = false;
                            for (int i = 0; i < jComboBox1.getItemCount(); i++) {
                                if (jComboBox1.getItemAt(i).toLowerCase().contains(tf1.getText().toLowerCase())) {
                                    jComboBox1.setSelectedIndex(i);
                                    b = true;
                                    break;
                                }
                            }
                            if (!b) {
                                infoBox(""Không tìm thấy Vật Phẩm này."");
                            }
                        }
                    }
                });

        JTextField tf2 = (JTextField) jComboBox2.getEditor().getEditorComponent();
        tf2.addKeyListener(
                new KeyAdapter() {
                    public void keyTyped(KeyEvent e) {
                        if (e.getKeyChar() == KeyEvent.VK_ENTER) {
                            boolean b = false;
                            for (int i = 0; i < jComboBox2.getItemCount(); i++) {
                                if (jComboBox2.getItemAt(i).toLowerCase().contains(tf2.getText().toLowerCase())) {
                                    jComboBox2.setSelectedIndex(i);
                                    b = true;
                                    break;
                                }
                            }
                            if (!b) {
                                infoBox(""Không tìm thấy Option này."");
                            }
                        }
                    }
                });

        JTextField tf3 = (JTextField) TypeShop.getEditor().getEditorComponent();
        tf3.addKeyListener(
                new KeyAdapter() {
                    public void keyTyped(KeyEvent e) {
                        if (e.getKeyChar() == KeyEvent.VK_ENTER) {
                            boolean b = false;
                            for (int i = 0; i < TypeShop.getItemCount(); i++) {
                                if (TypeShop.getItemAt(i).toLowerCase().contains(tf3.getText().toLowerCase())) {
                                    TypeShop.setSelectedIndex(i);
                                    b = true;
                                    break;
                                }
                            }
                            if (!b) {
                                infoBox(""Không tìm thấy Shop này."");
                            }
                        }
                    }
                });

    }

    public static void infoBox(String infoMessage) {
",""
"Constructor:com/langla/server/tool/frmSkillTemplate.java:frmSkillTemplate.frmSkillTemplate#0","frmSkillTemplate","com/langla/server/tool/frmSkillTemplate.java",47,94,"    private TableRowSorter<TableModel> rowSorter;

    public frmSkillTemplate() {
        initComponents();
//        Icon aboutIcon = new ImageIcon(""DataImage\\IconClient\\1118.png.png"");
//        Icon addIcon = new ImageIcon(""DataImage\\IconClient\\11.png.png"");
//        Icon copyIcon = new ImageIcon(""DataImage\\IconClient\\830.png.png"");

//        Object[][] data
//                = {
//                    {aboutIcon, ""About""},
//                    {addIcon, ""Add""},
//                    {copyIcon, ""Copy""},};
        jTable1.setRowHeight(128);

        TableCustom.apply(this, jScrollPane1, TableCustom.TableType.DEFAULT, new MouseAdapter() {
            public void mousePressed(MouseEvent e) {
                if (e.getButton() == 1) {
                    int row = jTable1.rowAtPoint(e.getPoint());
                    HoverIndex.gI.setIndex(row);
                    try {

                        updateInfo(DataCenter.gI().SkillTemplate[Integer.parseInt(String.valueOf(jTable1.getValueAt(row, 0)))]);
                    } catch (Exception ẽ) {

                    }
                    jTable1.repaint();
                }
            }

            private void updateInfo(SkillTemplate skillTemplate) {
                frmSkillTemplate.this.jLabel1.setText(""<html>"" + skillTemplate.toString() + ""</html>"");
            }
        });
        /*
           public short id;
   public String name;
   public String detail;
   public short levelNeed;
   public byte idChar;
   public byte levelMax;
   public byte type;
   public short idIcon;
         */

        updateItem();
        jTable1.setRowSorter(rowSorter);
       

    }

    public void setColumnWidths(int... widths) {",""
"Constructor:com/langla/server/tool/frmItemTemplate.java:frmItemTemplate.frmItemTemplate#0","frmItemTemplate","com/langla/server/tool/frmItemTemplate.java",50,129,"    private TableRowSorter<TableModel> rowSorter;
    
    public frmItemTemplate() {
        initComponents();
//        Icon aboutIcon = new ImageIcon(""DataImage\\IconClient\\1118.png.png"");
//        Icon addIcon = new ImageIcon(""DataImage\\IconClient\\11.png.png"");
//        Icon copyIcon = new ImageIcon(""DataImage\\IconClient\\830.png.png"");

//        Object[][] data
//                = {
//                    {aboutIcon, ""About""},
//                    {addIcon, ""Add""},
//                    {copyIcon, ""Copy""},};
        jTable1.setRowHeight(128);
        
        TableCustom.apply(this, jScrollPane1, TableCustom.TableType.DEFAULT, new MouseAdapter() {
            public void mousePressed(MouseEvent e) {
                if (e.getButton() == 1) {
                    int row = jTable1.rowAtPoint(e.getPoint());
                    HoverIndex.gI.setIndex(row);
                    try {
                        
                        updateInfo(DataCenter.gI().ItemTemplate[Integer.parseInt(String.valueOf(jTable1.getValueAt(row, 0)))]);
                    } catch (Exception ẽ) {
                        
                    }
                    jTable1.repaint();
                }
            }
            
            private void updateInfo(ItemTemplate itemTemplate) {
                frmItemTemplate.this.jTextField1.setText(itemTemplate.name);
                frmItemTemplate.this.jTextField2.setText(itemTemplate.detail);
                frmItemTemplate.this.jTextField3.setText(String.valueOf(itemTemplate.isXepChong));
                frmItemTemplate.this.jTextField4.setText(String.valueOf(itemTemplate.gioiTinh));
                frmItemTemplate.this.jTextField5.setText(String.valueOf(itemTemplate.type));
                frmItemTemplate.this.jTextField6.setText(String.valueOf(itemTemplate.idClass));
                frmItemTemplate.this.jTextField7.setText(String.valueOf(itemTemplate.idIcon));
                frmItemTemplate.this.jTextField8.setText(String.valueOf(itemTemplate.levelNeed));
                frmItemTemplate.this.jTextField9.setText(String.valueOf(itemTemplate.taiPhuNeed));
                frmItemTemplate.this.jTextField10.setText(String.valueOf(itemTemplate.idMob));
                frmItemTemplate.this.jTextField11.setText(String.valueOf(itemTemplate.idChar));
            }
        });
        
        jTextField12.getDocument().addDocumentListener(new DocumentListener() {
            
            @Override
            public void insertUpdate(DocumentEvent e) {
                String text = jTextField12.getText();
                
                if (text.trim().length() == 0) {
                    rowSorter.setRowFilter(null);
                } else {
                    rowSorter.setRowFilter(RowFilter.regexFilter(""(?i)"" + text));
                }
            }
            
            @Override
            public void removeUpdate(DocumentEvent e) {
                String text = jTextField12.getText();
                
                if (text.trim().length() == 0) {
                    rowSorter.setRowFilter(null);
                } else {
                    rowSorter.setRowFilter(RowFilter.regexFilter(""(?i)"" + text));
                }
            }
            
            @Override
            public void changedUpdate(DocumentEvent e) {
            }
            
        });
        updateItem();
        for (int i = 0; i < DataCenter.gI().ItemTemplate.length; i++) {
            if(DataCenter.gI().ItemTemplate[i].type==24)
            System.out.println(DataCenter.gI().ItemTemplate[i]);
        }
        jTable1.setRowSorter(rowSorter);
        
    }
    
    public void setColumnWidths(int... widths) {",""
"Constructor:com/langla/server/tool/frmEffectTemplate.java:frmEffectTemplate.frmEffectTemplate#0","frmEffectTemplate","com/langla/server/tool/frmEffectTemplate.java",47,97,"    private TableRowSorter<TableModel> rowSorter;

    public frmEffectTemplate() {
        initComponents();
//        Icon aboutIcon = new ImageIcon(""DataImage\\IconClient\\1118.png.png"");
//        Icon addIcon = new ImageIcon(""DataImage\\IconClient\\11.png.png"");
//        Icon copyIcon = new ImageIcon(""DataImage\\IconClient\\830.png.png"");

//        Object[][] data
//                = {
//                    {aboutIcon, ""About""},
//                    {addIcon, ""Add""},
//                    {copyIcon, ""Copy""},};
        jTable1.setRowHeight(128);

        TableCustom.apply(this, jScrollPane1, TableCustom.TableType.DEFAULT, new MouseAdapter() {
            public void mousePressed(MouseEvent e) {
                if (e.getButton() == 1) {
                    int row = jTable1.rowAtPoint(e.getPoint());
                    HoverIndex.gI.setIndex(row);
                    try {

                        updateInfo(DataCenter.gI().EffectTemplate[Integer.parseInt(String.valueOf(jTable1.getValueAt(row, 0)))]);
                    } catch (Exception ẽ) {

                    }
                    jTable1.repaint();
                }
            }

            private void updateInfo(EffectTemplate skillTemplate) {
                frmEffectTemplate.this.jLabel1.setText(""<html>"" + skillTemplate.toString() + ""</html>"");
            }
        });
        /*
           public short id;
   public String name;
   public String detail;
   public short levelNeed;
   public byte idChar;
   public byte levelMax;
   public byte type;
   public short idIcon;
         */

        updateItem();
        jTable1.setRowSorter(rowSorter);
     for(int i=0;i<DataCenter.gI().EffectTemplate.length;i++)
     {
         System.out.println(DataCenter.gI().EffectTemplate[i]);
     }

    }

    public void setColumnWidths(int... widths) {",""
"Constructor:com/langla/server/tool/frmCreateItem.java:frmCreateItem.frmCreateItem#0","frmCreateItem","com/langla/server/tool/frmCreateItem.java",37,124,"    public Item item = null;

    public frmCreateItem() {
        try {
            initComponents();

        } catch (Exception ex) {
            ex.printStackTrace();
        }
        jComboBox1.removeAllItems();
        for (int i = 0; i < DataCenter.gI().ItemTemplate.length; i++) {
            jComboBox1.addItem(""(ITEM: "" + i + "") "" + DataCenter.gI().ItemTemplate[i].name);
        }
        jComboBox2.removeAllItems();
        for (int i = 0; i < DataCenter.gI().ItemOptionTemplate.length; i++) {
            jComboBox2.addItem(""(OPTION: "" + i + "") "" + DataCenter.gI().ItemOptionTemplate[i].name);
        }
        jComboBox3.removeAllItems();
        for (int i = 0; i < DataCenter.gI().DataNameClass.length; i++) {
            jComboBox3.addItem("""" + DataCenter.gI().DataNameClass[i].name);
        }
        jComboBox4.removeAllItems(); // Xóa tất cả mục hiện tại
        for (Map.Entry<Integer, String> entry : DataCenter.gI().shopNames.entrySet()) {
            jComboBox4.addItem(""(SHOP: "" + entry.getKey() + "") ""+ entry.getValue());
            shopMap.put(jComboBox4.getItemCount() - 1, entry.getKey());
        }
        jComboBox1.setEditable(true);
        jComboBox2.setEditable(true);
        jComboBox4.setEditable(true);
        JTextField tf1 = (JTextField) jComboBox1.getEditor().getEditorComponent();

        tf1.addKeyListener(
                new KeyAdapter() {
                    public void keyTyped(KeyEvent e) {
                        if (e.getKeyChar() == KeyEvent.VK_ENTER) {
                            boolean b = false;
                            for (int i = 0; i < jComboBox1.getItemCount(); i++) {
                                if (jComboBox1.getItemAt(i).toLowerCase().contains(tf1.getText().toLowerCase())) {
                                    jComboBox1.setSelectedIndex(i);
                                    b = true;
                                    break;
                                }
                            }
                            if (!b) {
                                infoBox(""Không tìm thấy Vật Phẩm này."");
                            }
                        }
                    }
                });
        JTextField tf2 = (JTextField) jComboBox2.getEditor().getEditorComponent();

        tf2.addKeyListener(
                new KeyAdapter() {
                    public void keyTyped(KeyEvent e) {
                        if (e.getKeyChar() == KeyEvent.VK_ENTER) {
                            boolean b = false;
                            for (int i = 0; i < jComboBox2.getItemCount(); i++) {
                                if (jComboBox2.getItemAt(i).toLowerCase().contains(tf2.getText().toLowerCase())) {
                                    jComboBox2.setSelectedIndex(i);
                                    b = true;
                                    break;
                                }
                            }
                            if (!b) {
                                infoBox(""Không tìm thấy Option này."");
                            }
                        }
                    }
                });
        JTextField tf3 = (JTextField) jComboBox4.getEditor().getEditorComponent();
        tf3.addKeyListener(
                new KeyAdapter() {
                    public void keyTyped(KeyEvent e) {
                        if (e.getKeyChar() == KeyEvent.VK_ENTER) {
                            boolean b = false;
                            for (int i = 0; i < jComboBox4.getItemCount(); i++) {
                                if (jComboBox4.getItemAt(i).toLowerCase().contains(tf3.getText().toLowerCase())) {
                                    jComboBox4.setSelectedIndex(i);
                                    b = true;
                                    break;
                                }
                            }
                            if (!b) {
                                infoBox(""Không tìm thấy Shop này."");
                            }
                        }
                    }
                });

    }

    public static void infoBox(String infoMessage) {",""
"Constructor:com/langla/server/tool/CreateCode.java:CreateCode.CreateCode#0","CreateCode","com/langla/server/tool/CreateCode.java",32,93,"    public Item item = null;

    public CreateCode() {
        try {

            initComponents();

        } catch (Exception ex) {
            ex.printStackTrace();
        }
        jComboBox1.removeAllItems();
        jComboBox1.addItem(""(-1) Không có"");
        for (int i = 0; i < DataCenter.gI().ItemTemplate.length; i++) {
            jComboBox1.addItem(""("" + i + "") "" + DataCenter.gI().ItemTemplate[i].name);
        }
        jComboBox2.removeAllItems();
        for (int i = 0; i < DataCenter.gI().ItemOptionTemplate.length; i++) {
            jComboBox2.addItem(""("" + i + "") "" + DataCenter.gI().ItemOptionTemplate[i].name);
        }

        jComboBox1.setEditable(true);
        jComboBox2.setEditable(true);
        JTextField tf1 = (JTextField) jComboBox1.getEditor().getEditorComponent();

        tf1.addKeyListener(
                new KeyAdapter() {
                    public void keyTyped(KeyEvent e) {
                        if (e.getKeyChar() == KeyEvent.VK_ENTER) {
                            boolean b = false;
                            for (int i = 0; i < jComboBox1.getItemCount(); i++) {
                                if (jComboBox1.getItemAt(i).toLowerCase().contains(tf1.getText().toLowerCase())) {
                                    jComboBox1.setSelectedIndex(i);
                                    b = true;
                                    break;
                                }
                            }
                            if (!b) {
                                infoBox(""Không tìm thấy Vật Phẩm này."");
                            }
                        }
                    }
                });
        JTextField tf2 = (JTextField) jComboBox2.getEditor().getEditorComponent();

        tf2.addKeyListener(
                new KeyAdapter() {
                    public void keyTyped(KeyEvent e) {
                        if (e.getKeyChar() == KeyEvent.VK_ENTER) {
                            boolean b = false;
                            for (int i = 0; i < jComboBox2.getItemCount(); i++) {
                                if (jComboBox2.getItemAt(i).toLowerCase().contains(tf2.getText().toLowerCase())) {
                                    jComboBox2.setSelectedIndex(i);
                                    b = true;
                                    break;
                                }
                            }
                            if (!b) {
                                infoBox(""Không tìm thấy Option này."");
                            }
                        }
                    }
                });

    }

    public static void infoBox(String infoMessage) {
",""
"Constructor:com/langla/server/main/ResultSetImpl.java:ResultSetImpl.ResultSetImpl#1","ResultSetImpl","com/langla/server/main/ResultSetImpl.java",19,58,"    private int indexData = -1;

    public ResultSetImpl(ResultSet rs) throws Exception {
        try {
            rs.last();
            int nRow = rs.getRow();
            rs.beforeFirst();
            ResultSetMetaData rsmd = rs.getMetaData();
            int nColumn = rsmd.getColumnCount();
            this.data = new HashMap[nRow];

            int index;
            for(index = 0; index < this.data.length; ++index) {
                this.data[index] = new HashMap();
            }

            this.values = new Object[nRow][nColumn];

            for(index = 0; rs.next(); ++index) {
                for(int i = 1; i <= nColumn; ++i) {
                    String tableName = rsmd.getTableName(i);
                    String columnName = rsmd.getColumnName(i);
                    Object columnValue = rs.getObject(i);
                    this.data[index].put(columnName.toLowerCase(), columnValue);
                    this.data[index].put(tableName.toLowerCase() + ""."" + columnName.toLowerCase(), columnValue);
                    this.values[index][i - 1] = columnValue;
                }
            }
        } catch (Exception var17) {
            throw var17;
        } finally {
            if (rs != null) {
                try {
                    rs.getStatement().close();
                    rs.close();
                } catch (Exception var16) {
                }
            }

        }

    }

    public void dispose() {
",""
"Constructor:com/langla/server/main/PKoolVN.java:PKoolVN.PKoolVN#0","PKoolVN","com/langla/server/main/PKoolVN.java",18,19,"    private static HikariDataSource ds;

    public PKoolVN() {
    }

    public static Connection getConnection() throws SQLException {
",""
"Constructor:com/langla/server/main/MyServerSocket.java:MyServerSocket.MyServerSocket#2","MyServerSocket","com/langla/server/main/MyServerSocket.java",23,26,"    public Thread thread;

    public MyServerSocket(int PORT, ServerSocketHandler handler) {
        this.PORT = PORT;
        this.handler = handler;
    }

    public void open() {
",""
"Constructor:com/langla/server/main/Maintenance.java:Maintenance.Maintenance#0","Maintenance","com/langla/server/main/Maintenance.java",18,20,"    private int min;

    private Maintenance() {

    }

    public static Maintenance gI() {
",""
"Constructor:com/langla/server/lib/Writer.java:Writer.Writer#1~DataOutputStream","Writer","com/langla/server/lib/Writer.java",14,16,"

    public Writer(DataOutputStream var1) {
        this.dos = var1;
    }

    public Writer(Socket socket) throws IOException {",""
"Constructor:com/langla/server/lib/Writer.java:Writer.Writer#1~Socket","Writer","com/langla/server/lib/Writer.java",18,20,"    }

    public Writer(Socket socket) throws IOException {
        this.dos = new DataOutputStream(socket.getOutputStream());
    }

    public Writer() {",""
"Constructor:com/langla/server/lib/Writer.java:Writer.Writer#0","Writer","com/langla/server/lib/Writer.java",22,25,"    }

    public Writer() {
        this.baos = new ByteArrayOutputStream();
        this.dos = new DataOutputStream(this.baos);
    }

    public Writer(ArrayList<Integer> listTypeRead) {",""
"Constructor:com/langla/server/lib/Writer.java:Writer.Writer#1~ArrayList<Integer>","Writer","com/langla/server/lib/Writer.java",27,31,"    }

    public Writer(ArrayList<Integer> listTypeRead) {
        this.baos = new ByteArrayOutputStream();
        this.dos = new DataOutputStream(this.baos);
       
    }

    public void writeBoolean(boolean var1) throws java.io.IOException {",""
"Constructor:com/langla/server/lib/Reader.java:Reader.Reader#1~Socket","Reader","com/langla/server/lib/Reader.java",14,16,"

    public Reader(Socket socket) throws IOException {
        this.dis = new DataInputStream(socket.getInputStream());
    }

    public Reader(DataInputStream var1) {",""
"Constructor:com/langla/server/lib/Reader.java:Reader.Reader#1~DataInputStream","Reader","com/langla/server/lib/Reader.java",18,20,"    }

    public Reader(DataInputStream var1) {
        this.dis = var1;
    }

    public Reader(InputStream var1) {",""
"Constructor:com/langla/server/lib/Reader.java:Reader.Reader#1~InputStream","Reader","com/langla/server/lib/Reader.java",22,24,"    }

    public Reader(InputStream var1) {
        this.dis = new DataInputStream(var1);
    }

    public Reader(byte[] var1) {",""
"Constructor:com/langla/server/lib/Reader.java:Reader.Reader#1~byte[]","Reader","com/langla/server/lib/Reader.java",26,28,"    }

    public Reader(byte[] var1) {
        this.dis = new DataInputStream(new ByteArrayInputStream(var1));
    }

    public byte[] read() throws java.io.IOException {",""
"Constructor:com/langla/server/lib/Message.java:Message.Message#1","Message","com/langla/server/lib/Message.java",48,51,"    }

    public Message(byte var1) {
        this.cmd = var1;
        this.writer = new Writer();
    }

    public Message(byte var1, Writer writer) {",""
"Constructor:com/langla/server/lib/Message.java:Message.Message#2~byte,Writer","Message","com/langla/server/lib/Message.java",53,56,"    }

    public Message(byte var1, Writer writer) {
        this.cmd = var1;
        this.writer = writer;
    }

    public Message(byte var1, byte[] var2) {",""
"Constructor:com/langla/server/lib/Message.java:Message.Message#2~byte,byte[]","Message","com/langla/server/lib/Message.java",58,61,"    }

    public Message(byte var1, byte[] var2) {
        this.cmd = var1;
        this.reader = new Reader(var2);
    }

    public byte[] getData() {",""
"Constructor:com/langla/real/player/Session.java:Session.Session#1","Session","com/langla/real/player/Session.java",71,1796,"
    public long timeConnect = System.currentTimeMillis()+60000;
    @JsonIgnore
    public Session(Client client) {

        this.client = client;
        try {
            this.socket = client.socket;
            this.reader = new Reader(this.socket);
            this.writer = new Writer(this.socket);
            threadSend = new Thread(()
                    -> {
                while (this.isConnected()) {
                    if(this.client == null || this.client.player == null || client.session == null){
                        if (timeConnect < System.currentTimeMillis()){
                            clean();
                            return;
                        }
                    }
                    try {
                        while (vecMessage.size() > 0) {
                            if (vecMessage.size() >= 20) {
                                Writer writer = new Writer();
                                int c = vecMessage.size();
                                while (vecMessage.size() > 0) {
                                    Message message = (Message) vecMessage.remove(0);
                                    byte cmd = message.cmd;
                                    byte[] data = message.getData();
                                    if (cmd == -86) {
                                        writer.writeByte(cmd);
                                    } else if (cmd == -84 || cmd == 123) {
                                        writer.writeByte(cmd);
                                        writer.dos.write(data);
                                    } else {
                                        if (!message.inflate) {
                                            if (data.length <= Short.MAX_VALUE) {
                                                writer.writeByte(cmd);
                                                writer.writeShort(data.length);
                                                writer.dos.write(data);
                                            } else {
                                                writer.writeByte(-128);
                                                writer.writeByte(cmd);
                                                writer.writeInt(data.length);
                                                writer.dos.write(data);
                                            }
                                        } else {
                                            data = Utlis.deflateByteArray(data);
                                            if (data.length <= Short.MAX_VALUE) {
                                                writer.writeByte(-80);
                                                writer.writeByte(cmd);
                                                writer.writeShort(data.length);
                                                writer.dos.write(data);
                                            } else {
                                                UTPKoolVN.Print(""ERR LENGTH TO LONG"");
                                            }
                                        }
                                    }
                                }
                                byte[] data = writer.baos.toByteArray();
                                data = Utlis.deflateByteArray(data);
                                this.writer.writeByte(-79);
                                this.writer.writeShort(c);
                                this.writer.writeShort(data.length);
                                for (int i = 0; i < data.length; i++) {
                                    this.writer.writeByte(data[i]);
                                }
                                this.writer.dos.flush();
                                break;
                            } else {
                                Message message = (Message) vecMessage.remove(0);
                                byte cmd = message.cmd;
                                byte[] data = message.getData();
                                if (cmd == -86) {
                                    writer.writeByte(cmd);
                                } else if (cmd == -84 || cmd == 123) {
                                    writer.writeByte(cmd);
                                    writer.dos.write(data);
                                } else {
                                    if (!message.inflate) {
                                        if (data.length <= Short.MAX_VALUE) {
                                            writer.writeByte(cmd);
                                            writer.writeShort(data.length);
                                            for (int i = 0; i < data.length; i++) {

                                                this.writer.writeByte(data[i]);
                                            }
                                        } else {
             
... [truncated]",""
"Constructor:com/langla/real/player/LangLa_fj.java:LangLa_fj.LangLa_fj#0","LangLa_fj","com/langla/real/player/LangLa_fj.java",5,6,"
 class LangLa_fj implements Comparator {
    LangLa_fj() {
    }

    ",""
"Constructor:com/langla/real/player/Client.java:Client.Client#1","Client","com/langla/real/player/Client.java",32,36,"    @JsonIgnore
    public boolean isChangePass = false;
    @JsonIgnore
    public Client(Socket socket) {
        this.socket = socket;
        this.session = new Session(this);
    }
    @JsonIgnore
    public boolean isConnected() {
",""
"Constructor:com/langla/real/player/Char.java:Char.Char#1","Char","com/langla/real/player/Char.java",128,167,"

    public Char(Client client) {
        this.client = client;
        arrItemBag = new Item[27];

        arrItemBox = new Item[36];

        infoChar = new InfoChar();

        TuongKhac = new InfoTuongKhac();

        info = new Info();

        traDe = new Trade();

        listEffect = new ArrayList<Effect>();

        arrayTiemNang = new int[4];

        arrItemBody = new Item[17];

        arrItemBody2 = new Item[17];

        arrItemExtend = new Item[3];

        listSkillViThu = new ArrayList<SkillClan>();

        listDanhHieu = new ArrayList<DanhHieu>();

        listThu = new ArrayList<Thu>();

        listFriend = new ArrayList<Friend>();

        listEnemy = new ArrayList<Enemy>();

        phucLoi = new PhucLoi();

        quayKhoBau = new KhoBauTpl();

        logUseItem = new ArrayList<>();
    }

    public Char() {
",""
"Constructor:com/langla/real/player/Char.java:Char.Char#0","Char","com/langla/real/player/Char.java",169,208,"    }

    public Char() {
        arrItemBag = new Item[27];

        arrItemBox = new Item[36];

        TuongKhac = new InfoTuongKhac();

        infoChar = new InfoChar();

        info = new Info();

        traDe = new Trade();

        listEffect = new ArrayList<Effect>();

        arrayTiemNang = new int[4];

        arrItemBody = new Item[17];

        arrItemBody2 = new Item[17];

        arrItemExtend = new Item[3];

        listSkillViThu = new ArrayList<SkillClan>();

        listDanhHieu = new ArrayList<DanhHieu>();

        listThu = new ArrayList<Thu>();

        listFriend = new ArrayList<Friend>();

        phucLoi = new PhucLoi();

        quayKhoBau = new KhoBauTpl();

        listEnemy = new ArrayList<Enemy>();


        logUseItem = new ArrayList<>();
    }
    public byte getLopFormSelectChar(byte i) {
        switch (i) {
",""
"Constructor:com/langla/real/phucloi/PhucLoiTpl.java:PhucLoiTpl.PhucLoiTpl#0","PhucLoiTpl","com/langla/real/phucloi/PhucLoiTpl.java",20,22,"
    public long expiry = -1;
    public PhucLoiTpl(){

    }
}
",""
"Constructor:com/langla/real/npc/Npc.java:ActionNpc.ActionNpc#2","ActionNpc","com/langla/real/npc/Npc.java",250,253,"        public IActionNpc action;

        public ActionNpc(String text, IActionNpc actionNpc) {
            this.text = text;
            this.action = actionNpc;
        }
    }
}
",""
"Constructor:com/langla/real/other/Thu.java:Thu.Thu#0","Thu","com/langla/real/other/Thu.java",28,29,"    public int time = (int)(System.currentTimeMillis()/1000L)+172800;

    public Thu (){
    }

}
",""
"Constructor:com/langla/real/other/GiftcodeTemplate.java:GiftcodeTemplate.GiftcodeTemplate#0","GiftcodeTemplate","com/langla/real/other/GiftcodeTemplate.java",20,21,"
    public long exp = 0;
    public GiftcodeTemplate (){
    }
}
",""
"Constructor:com/langla/real/other/Friend.java:Friend.Friend#0","Friend","com/langla/real/other/Friend.java",14,17,"    public String name;
    public int stt;
    public Friend()
    {

    }
    
}
",""
"Constructor:com/langla/real/other/Enemy.java:Enemy.Enemy#0","Enemy","com/langla/real/other/Enemy.java",15,18,"    public String name;

    public Enemy()
    {

    }
}
",""
"Constructor:com/langla/real/other/Effect.java:Effect.Effect#4","Effect","com/langla/real/other/Effect.java",40,45,"    List<Integer> listChiSo = new ArrayList<>();

    public Effect(int id, int value, long timeStart, int maintain) {
        this.id = id;
        this.value = value;
        this.timeStart = timeStart;
        this.maintain = maintain;
    }

    public Effect() {
",""
"Constructor:com/langla/real/other/Effect.java:Effect.Effect#0","Effect","com/langla/real/other/Effect.java",47,48,"    }

    public Effect() {
    }

    @JsonIgnore
",""
"Constructor:com/langla/real/other/DanhHieu.java:DanhHieu.DanhHieu#4","DanhHieu","com/langla/real/other/DanhHieu.java",22,27,"   public int detail;

   public DanhHieu(int id, String name, int hsd, int detail) {
      this.id = id;
      this.name = name;
      this.hsd = hsd;
      this.detail = detail;
   }

   public DanhHieu(){
",""
"Constructor:com/langla/real/other/DanhHieu.java:DanhHieu.DanhHieu#0","DanhHieu","com/langla/real/other/DanhHieu.java",29,31,"   }

   public DanhHieu(){

   }

}
",""
"Constructor:com/langla/real/map/WayPoint.java:WayPoint.WayPoint#2","WayPoint","com/langla/real/map/WayPoint.java",26,28,"    boolean isNext;

    public WayPoint(int i, int i0) {
        this.setXY(0, 0);
    }

    @Override
",""
"Constructor:com/langla/real/map/Map.java:Map.Map#1","Map","com/langla/real/map/Map.java",33,35,"    public int levelMap;

    private Map(int id) {
        this.mapID = id;
    }

    public MapTemplate getMapTemplate() {
",""
"Constructor:com/langla/real/map/Map.java:Zone.Zone#2","Zone","com/langla/real/map/Map.java",268,271,"        public int id_ENTITY_ITEM_MAP;

        private Zone(Map map, int zone) {
            this.map = map;
            this.zoneID = zone;
        }

        public ArrayList<Char> getVecChar(){
",""
"Constructor:com/langla/real/map/ItemMap.java:ItemMap.ItemMap#0","ItemMap","com/langla/real/map/ItemMap.java",25,29,"    public long timeCreate = 0L;

    public ItemMap() {
        idChar = -1;
        this.idEntity = DataCache.getIDItemMap();
        timeCreate = System.currentTimeMillis();
    }

    public ItemMap(int idChar) {
",""
"Constructor:com/langla/real/map/ItemMap.java:ItemMap.ItemMap#1","ItemMap","com/langla/real/map/ItemMap.java",31,35,"    }

    public ItemMap(int idChar) {
        this.idChar = idChar;
        this.idEntity = DataCache.getIDItemMap();
        timeCreate = System.currentTimeMillis();
    }

    public static ItemMap createItemMap(Item item, int cx, int cy) {
",""
"Constructor:com/langla/real/map/BossTpl.java:BossTpl.BossTpl#0","BossTpl","com/langla/real/map/BossTpl.java",28,30,"
    public boolean isDie = true;
    public BossTpl(){

    }
}
",""
"Constructor:com/langla/real/map/BossRunTime.java:BossRunTime.BossRunTime#0","BossRunTime","com/langla/real/map/BossRunTime.java",30,32,"        return instance;
    }
    public BossRunTime(){

    }

    public BossTpl getBoss (int id){
",""
"Constructor:com/langla/real/khobau/KhoBauTpl.java:KhoBauTpl.KhoBauTpl#0","KhoBauTpl","com/langla/real/khobau/KhoBauTpl.java",13,15,"    public int xtrunglap = -1;
    public boolean ruong;
    public KhoBauTpl(){

    }
}
",""
"Constructor:com/langla/real/lucky/LuckyTpl.java:LuckyTpl.LuckyTpl#0","LuckyTpl","com/langla/real/lucky/LuckyTpl.java",17,19,"    public long expiry = -1;

    public LuckyTpl(){

    }
}
",""
"Constructor:com/langla/real/item/ItemShop.java:ItemShop.ItemShop#0","ItemShop","com/langla/real/item/ItemShop.java",27,29,"
    public short id_buy = 0; // id buy
    public ItemShop() {
        this.id_buy = DataCache.idbuyshop++;
    }

}
",""
"Constructor:com/langla/real/item/Item.java:Item.Item#1","Item","com/langla/real/item/Item.java",378,384,"    }

    public Item(int id) {
        this.id = (short) id;
        this.amount = 1;
        if (this.isTypeTrangBi() && this.getItemTemplate().type != 14) {
            he = (byte) Utlis.nextInt(1, 5);
        }
    }

    public Item() {
",""
"Constructor:com/langla/real/item/Item.java:Item.Item#0","Item","com/langla/real/item/Item.java",386,391,"    }

    public Item() {
        this.amount = 1;
        if (this.isTypeTrangBi() && this.getItemTemplate().type != 14) {
            he = (byte) Utlis.nextInt(1, 5);
        }
    }

    public Item(int id, boolean lock) {
",""
"Constructor:com/langla/real/item/Item.java:Item.Item#2","Item","com/langla/real/item/Item.java",393,400,"    }

    public Item(int id, boolean lock) {
        this.id = (short) id;
        this.isLock = lock;
        this.amount = 1;
        if (this.isTypeTrangBi() && this.getItemTemplate().type != 14) {
            he = (byte) Utlis.nextInt(1, 5);
        }
    }

    public Item(int id, boolean lock, int amount) {
",""
"Constructor:com/langla/real/item/Item.java:Item.Item#3","Item","com/langla/real/item/Item.java",402,409,"    }

    public Item(int id, boolean lock, int amount) {
        this.id = (short) id;
        this.isLock = lock;
        this.amount = amount;
        if (this.isTypeTrangBi() && this.getItemTemplate().type != 14) {
            he = (byte) Utlis.nextInt(1, 5);
        }
    }

    public Item(int id, boolean lock, int amount, int level) {
",""
"Constructor:com/langla/real/item/Item.java:Item.Item#4","Item","com/langla/real/item/Item.java",411,419,"    }

    public Item(int id, boolean lock, int amount, int level) {
        this.id = (short) id;
        this.isLock = lock;
        this.amount = amount;
        this.level = (byte) level;
        if (this.isTypeTrangBi() && this.getItemTemplate().type != 14) {
            he = (byte) Utlis.nextInt(1, 5);
        }
    }

    public Item(int id, boolean lock, int amount, int level, String strOptions) {
",""
"Constructor:com/langla/real/item/Item.java:Item.Item#5","Item","com/langla/real/item/Item.java",421,431,"    }

    public Item(int id, boolean lock, int amount, int level, String strOptions) {
        this.id = (short) id;
        this.isLock = lock;
        this.amount = amount;
        this.level = (byte) level;
        if (this.isTypeTrangBi() && this.getItemTemplate().type != 14) {
            he = (byte) Utlis.nextInt(1, 5);
        }
        this.strOptions = strOptions;
        this.strOptionsMain = strOptions;
    }
    @JsonIgnore
    public ItemTemplate getItemTemplate() {
",""
"Constructor:com/langla/real/item/Item.java:LangLa_gp.LangLa_gp#3","LangLa_gp","com/langla/real/item/Item.java",1316,1320,"        }

        public LangLa_gp(String var1, int var2, int var3) {
            this.a = var1;
            this.b = var2;
            this.c = var3;
        }
    }

",""
"Constructor:com/langla/real/item/GraftCaiTrang.java:GraftCaiTrang.GraftCaiTrang#0","GraftCaiTrang","com/langla/real/item/GraftCaiTrang.java",11,13,"    public byte he;
    public String StrOption = """";
    public GraftCaiTrang(){

    }
}
",""
"Constructor:com/langla/real/group/GroupTemplate.java:GroupTemplate.GroupTemplate#0","GroupTemplate","com/langla/real/group/GroupTemplate.java",19,21,"    public Vector<Char> ListMember = new Vector<>();

    public GroupTemplate(){

    }
    public GroupTemplate(Char key){
        id = Group.gI().baseId++;
",""
"Constructor:com/langla/real/group/GroupTemplate.java:GroupTemplate.GroupTemplate#1","GroupTemplate","com/langla/real/group/GroupTemplate.java",22,26,"
    }
    public GroupTemplate(Char key){
        id = Group.gI().baseId++;
        key.infoChar.groupId = id;
        this.ListMember.add(key);
    }


",""
"Constructor:com/langla/real/family/FamilyTemplate.java:FamilyTemplate.FamilyTemplate#0","FamilyTemplate","com/langla/real/family/FamilyTemplate.java",25,27,"    public Map<Integer, Short> MapAi = new HashMap<>();

    public FamilyTemplate(){

    }
}
",""
"Constructor:com/langla/real/family/Family.java:Family.Family#0","Family","com/langla/real/family/Family.java",42,44,"
    public Vector<FamilyTemplate> listFamily = new Vector<>();
    public Family(){

    }
//    public void StartFamilyRunTime() {
//        new Thread(() -> {
",""
"Constructor:com/langla/real/cho/ChoTemplate.java:ChoTemplate.ChoTemplate#0","ChoTemplate","com/langla/real/cho/ChoTemplate.java",21,22,"    public int bac = 0;

    public ChoTemplate (){
    }

    public int getTime() {
",""
"Constructor:com/langla/real/baucua/BauCuaTpl.java:BauCuaTpl.BauCuaTpl#0","BauCuaTpl","com/langla/real/baucua/BauCuaTpl.java",14,16,"    public String cuocText;

    public BauCuaTpl(){

    }
}
",""
"Constructor:com/langla/real/bangxephang/Bxh_Tpl.java:Bxh_Tpl.Bxh_Tpl#0","Bxh_Tpl","com/langla/real/bangxephang/Bxh_Tpl.java",20,22,"
    public String NameGiaToc;
    public Bxh_Tpl(){

    }
}
",""
"Constructor:com/langla/real/bangxephang/BangXepHang.java:BangXepHang.BangXepHang#0","BangXepHang","com/langla/real/bangxephang/BangXepHang.java",129,130,"        }
    };
    public BangXepHang() {
    }


",""
"Constructor:org/jdesktop/animation/timing/Animator.java:Animator.Animator#1","Animator","org/jdesktop/animation/timing/Animator.java",42,44,"   }

   public Animator(int duration) {
      this(duration, (TimingTarget)null);
   }

   public Animator(int duration, TimingTarget target) {",""
"Constructor:org/jdesktop/animation/timing/Animator.java:Animator.Animator#2","Animator","org/jdesktop/animation/timing/Animator.java",46,68,"   }

   public Animator(int duration, TimingTarget target) {
      this.targets = new ArrayList();
      this.currentCycle = 0;
      this.intRepeatCount = true;
      this.timeToStop = false;
      this.hasBegun = false;
      this.pauseBeginTime = 0L;
      this.running = false;
      this.repeatCount = 1.0D;
      this.repeatBehavior = Animator.RepeatBehavior.REVERSE;
      this.endBehavior = Animator.EndBehavior.HOLD;
      this.resolution = 20;
      this.acceleration = 0.0F;
      this.deceleration = 0.0F;
      this.startFraction = 0.0F;
      this.direction = Animator.Direction.FORWARD;
      this.interpolator = LinearInterpolator.getInstance();
      this.duration = duration;
      this.addTarget(target);
      Toolkit tk = Toolkit.getDefaultToolkit();
      this.swingTimer = new Animator.SwingTimingSource();
      this.timer = this.swingTimer;
   }

   public Animator(int duration, double repeatCount, Animator.RepeatBehavior repeatBehavior, TimingTarget target) {",""
"Constructor:org/jdesktop/animation/timing/Animator.java:Animator.Animator#4","Animator","org/jdesktop/animation/timing/Animator.java",70,76,"   }

   public Animator(int duration, double repeatCount, Animator.RepeatBehavior repeatBehavior, TimingTarget target) {
      this(duration, target);
      this.validateRepeatCount(repeatCount);
      this.repeatCount = repeatCount;
      this.repeatBehavior = repeatBehavior != null ? repeatBehavior : Animator.RepeatBehavior.REVERSE;
      this.intRepeatCount = Math.rint(repeatCount) == repeatCount;
   }

   public Animator.Direction getStartDirection() {",""
"Constructor:org/jdesktop/animation/timing/Animator.java:TimerTarget.TimerTarget#0","TimerTarget","org/jdesktop/animation/timing/Animator.java",466,467,"
   public  class TimerTarget implements ActionListener {
      public  TimerTarget() {
      }

      public void actionPerformed(ActionEvent e) {",""
"Constructor:org/jdesktop/animation/timing/Animator.java:TimerTarget.TimerTarget#1","TimerTarget","org/jdesktop/animation/timing/Animator.java",474,476,"
      // $FF: synthetic method
      TimerTarget(Object x1) {
         this();
      }
   }
",""
"Constructor:org/jdesktop/animation/timing/Animator.java:SwingTimingSource.SwingTimingSource#0","SwingTimingSource","org/jdesktop/animation/timing/Animator.java",482,484,"      Timer timer;

      public SwingTimingSource() {
         this.timer = new Timer(Animator.this.resolution, Animator.this.new TimerTarget());
      }

      public void start() {",""
"Constructor:org/jdesktop/animation/timing/interpolation/SplineInterpolator.java:SplineInterpolator.SplineInterpolator#4","SplineInterpolator","org/jdesktop/animation/timing/interpolation/SplineInterpolator.java",12,40,"   public  ArrayList lengths = new ArrayList();

   public SplineInterpolator(float x1, float y1, float x2, float y2) {
      if (!(x1 < 0.0F) && !(x1 > 1.0F) && !(y1 < 0.0F) && !(y1 > 1.0F) && !(x2 < 0.0F) && !(x2 > 1.0F) && !(y2 < 0.0F) && !(y2 > 1.0F)) {
         this.x1 = x1;
         this.y1 = y1;
         this.x2 = x2;
         this.y2 = y2;
         float prevX = 0.0F;
         float prevY = 0.0F;
         float prevLength = 0.0F;

         for(float t = 0.01F; t <= 1.0F; t += 0.01F) {
            Float xy = this.getXY(t);
            float length = prevLength + (float)Math.sqrt((double)((xy.x - prevX) * (xy.x - prevX) + (xy.y - prevY) * (xy.y - prevY)));
            LengthItem lengthItem = new LengthItem(length, t);
            this.lengths.add(lengthItem);
            prevLength = length;
            prevX = xy.x;
            prevY = xy.y;
         }

         for(int i = 0; i < this.lengths.size(); ++i) {
            LengthItem lengthItem = (LengthItem)this.lengths.get(i);
            lengthItem.setFraction(prevLength);
         }

      } else {
         throw new IllegalArgumentException(""Control points must be in the range [0, 1]:"");
      }
   }

   public  Float getXY(float t) {",""
"Constructor:org/jdesktop/animation/timing/interpolation/PropertySetter.java:PropertySetter.PropertySetter#3","PropertySetter","org/jdesktop/animation/timing/interpolation/PropertySetter.java",34,44,"   }

   public PropertySetter(Object object, String propertyName, KeyFrames keyFrames) {
      this.object = object;
      this.propertyName = propertyName;
      this.keyFrames = keyFrames;

      try {
         this.setupMethodInfo();
      } catch (NoSuchMethodException var5) {
         throw new IllegalArgumentException(""Bad property name ("" + propertyName + ""): could not find "" + ""an appropriate setter or getter method for that property"");
      }
   }

   public <T> PropertySetter(Object object, String propertyName, T... params) {",""
"Constructor:org/jdesktop/animation/timing/interpolation/PropertySetter.java:PropertySetter.PropertySetter","PropertySetter","org/jdesktop/animation/timing/interpolation/PropertySetter.java",46,48,"   }

   public <T> PropertySetter(Object object, String propertyName, T... params) {
      this(object, propertyName, new KeyFrames(KeyValues.create(params)));
   }

   public <T> PropertySetter(Object object, String propertyName, Evaluator evaluator, T... params) {",""
"Constructor:org/jdesktop/animation/timing/interpolation/LinearInterpolator.java:LinearInterpolator.LinearInterpolator#0","LinearInterpolator","org/jdesktop/animation/timing/interpolation/LinearInterpolator.java",5,6,"   public  static LinearInterpolator instance = null;

   public  LinearInterpolator() {
   }

   public static LinearInterpolator getInstance() {",""
"Constructor:org/jdesktop/animation/timing/interpolation/LengthItem.java:LengthItem.LengthItem#3","LengthItem","org/jdesktop/animation/timing/interpolation/LengthItem.java",7,11,"   float fraction;

   LengthItem(float length, float t, float fraction) {
      this.length = length;
      this.t = t;
      this.fraction = fraction;
   }

   LengthItem(float length, float t) {",""
"Constructor:org/jdesktop/animation/timing/interpolation/LengthItem.java:LengthItem.LengthItem#2","LengthItem","org/jdesktop/animation/timing/interpolation/LengthItem.java",13,16,"   }

   LengthItem(float length, float t) {
      this.length = length;
      this.t = t;
   }

   public float getLength() {",""
"Constructor:org/jdesktop/animation/timing/interpolation/KeyValues.java:KeyValues.KeyValues","KeyValues","org/jdesktop/animation/timing/interpolation/KeyValues.java",20,22,"   }

   public  KeyValues(T... params) {
      this(Evaluator.create(params.getClass().getComponentType()), params);
   }

   public  KeyValues(Evaluator evaluator, T... params) {",""
"Constructor:org/jdesktop/animation/timing/interpolation/KeyTimes.java:KeyTimes.KeyTimes","KeyTimes","org/jdesktop/animation/timing/interpolation/KeyTimes.java",7,28,"   public  ArrayList<Float> times = new ArrayList();

   public KeyTimes(float... times) {
      if (times[0] != 0.0F) {
         throw new IllegalArgumentException(""First time value must be zero"");
      } else if (times[times.length - 1] != 1.0F) {
         throw new IllegalArgumentException(""Last time value must be one"");
      } else {
         float prevTime = 0.0F;
         float[] arr$ = times;
         int len$ = times.length;

         for(int i$ = 0; i$ < len$; ++i$) {
            float time = arr$[i$];
            if (time < prevTime) {
               throw new IllegalArgumentException(""Time values must be in increasing order"");
            }

            this.times.add(time);
            prevTime = time;
         }

      }
   }

   ArrayList getTimes() {",""
"Constructor:org/jdesktop/animation/timing/interpolation/KeyInterpolators.java:KeyInterpolators.KeyInterpolators","KeyInterpolators","org/jdesktop/animation/timing/interpolation/KeyInterpolators.java",7,25,"   public  ArrayList<Interpolator> interpolators = new ArrayList();

   KeyInterpolators(int numIntervals, Interpolator... interpolators) {
      int i;
      if (interpolators != null && interpolators[0] != null) {
         if (interpolators.length < numIntervals) {
            for(i = 0; i < numIntervals; ++i) {
               this.interpolators.add(interpolators[0]);
            }
         } else {
            for(i = 0; i < numIntervals; ++i) {
               this.interpolators.add(interpolators[i]);
            }
         }
      } else {
         for(i = 0; i < numIntervals; ++i) {
            this.interpolators.add(LinearInterpolator.getInstance());
         }
      }

   }

   float interpolate(int interval, float fraction) {",""
"Constructor:org/jdesktop/animation/timing/interpolation/KeyFrames.java:KeyFrames.KeyFrames#1","KeyFrames","org/jdesktop/animation/timing/interpolation/KeyFrames.java",7,9,"   public  KeyInterpolators interpolators;

   public KeyFrames(KeyValues keyValues) {
      this.init(keyValues, (KeyTimes)null, (Interpolator)null);
   }

   public KeyFrames(KeyValues keyValues, KeyTimes keyTimes) {",""
"Constructor:org/jdesktop/animation/timing/interpolation/KeyFrames.java:KeyFrames.KeyFrames#2","KeyFrames","org/jdesktop/animation/timing/interpolation/KeyFrames.java",11,13,"   }

   public KeyFrames(KeyValues keyValues, KeyTimes keyTimes) {
      this.init(keyValues, keyTimes, (Interpolator)null);
   }

   public KeyFrames(KeyValues keyValues, KeyTimes keyTimes, Interpolator... interpolators) {",""
"Constructor:org/jdesktop/animation/timing/interpolation/KeyFrames.java:KeyFrames.KeyFrames","KeyFrames","org/jdesktop/animation/timing/interpolation/KeyFrames.java",15,17,"   }

   public KeyFrames(KeyValues keyValues, KeyTimes keyTimes, Interpolator... interpolators) {
      this.init(keyValues, keyTimes, interpolators);
   }

   public KeyFrames(KeyValues keyValues, Interpolator... interpolators) {",""
"Constructor:org/jdesktop/animation/timing/interpolation/EvaluatorShort.java:EvaluatorShort.EvaluatorShort#0","EvaluatorShort","org/jdesktop/animation/timing/interpolation/EvaluatorShort.java",3,4,"
class EvaluatorShort extends Evaluator<Short> {
   public EvaluatorShort() {
   }

   public Short evaluate(Short v0, Short v1, float fraction) {",""
"Constructor:org/jdesktop/animation/timing/interpolation/EvaluatorRoundRectangle2D.java:EvaluatorRoundRectangle2D.EvaluatorRoundRectangle2D#0","EvaluatorRoundRectangle2D","org/jdesktop/animation/timing/interpolation/EvaluatorRoundRectangle2D.java",5,6,"
class EvaluatorRoundRectangle2D extends Evaluator<RoundRectangle2D> {
   public EvaluatorRoundRectangle2D() {
   }

   public RoundRectangle2D evaluate(RoundRectangle2D v0, RoundRectangle2D v1, float fraction) {",""
"Constructor:org/jdesktop/animation/timing/interpolation/EvaluatorRectangle2D.java:EvaluatorRectangle2D.EvaluatorRectangle2D#0","EvaluatorRectangle2D","org/jdesktop/animation/timing/interpolation/EvaluatorRectangle2D.java",5,6,"
class EvaluatorRectangle2D extends Evaluator<Rectangle2D> {
   public EvaluatorRectangle2D() {
   }

   public Rectangle2D evaluate(Rectangle2D v0, Rectangle2D v1, float fraction) {",""
"Constructor:org/jdesktop/animation/timing/interpolation/EvaluatorQuadCurve2D.java:EvaluatorQuadCurve2D.EvaluatorQuadCurve2D#0","EvaluatorQuadCurve2D","org/jdesktop/animation/timing/interpolation/EvaluatorQuadCurve2D.java",5,6,"
class EvaluatorQuadCurve2D extends Evaluator<QuadCurve2D> {
   public EvaluatorQuadCurve2D() {
   }

   public QuadCurve2D evaluate(QuadCurve2D v0, QuadCurve2D v1, float fraction) {",""
"Constructor:org/jdesktop/animation/timing/interpolation/EvaluatorPoint2D.java:EvaluatorPoint2D.EvaluatorPoint2D#0","EvaluatorPoint2D","org/jdesktop/animation/timing/interpolation/EvaluatorPoint2D.java",7,8,"   public  Point2D value;

   public EvaluatorPoint2D() {
   }

   public Point2D evaluate(Point2D v0, Point2D v1, float fraction) {",""
"Constructor:org/jdesktop/animation/timing/interpolation/EvaluatorLong.java:EvaluatorLong.EvaluatorLong#0","EvaluatorLong","org/jdesktop/animation/timing/interpolation/EvaluatorLong.java",3,4,"
class EvaluatorLong extends Evaluator<Long> {
   public EvaluatorLong() {
   }

   public Long evaluate(Long v0, Long v1, float fraction) {",""
"Constructor:org/jdesktop/animation/timing/interpolation/EvaluatorLine2D.java:EvaluatorLine2D.EvaluatorLine2D#0","EvaluatorLine2D","org/jdesktop/animation/timing/interpolation/EvaluatorLine2D.java",5,6,"
class EvaluatorLine2D extends Evaluator<Line2D> {
   public EvaluatorLine2D() {
   }

   public Line2D evaluate(Line2D v0, Line2D v1, float fraction) {",""
"Constructor:org/jdesktop/animation/timing/interpolation/EvaluatorInteger.java:EvaluatorInteger.EvaluatorInteger#0","EvaluatorInteger","org/jdesktop/animation/timing/interpolation/EvaluatorInteger.java",3,4,"
class EvaluatorInteger extends Evaluator<Integer> {
   public EvaluatorInteger() {
   }

   public Integer evaluate(Integer v0, Integer v1, float fraction) {",""
"Constructor:org/jdesktop/animation/timing/interpolation/EvaluatorFloat.java:EvaluatorFloat.EvaluatorFloat#0","EvaluatorFloat","org/jdesktop/animation/timing/interpolation/EvaluatorFloat.java",3,4,"
class EvaluatorFloat extends Evaluator<Float> {
   public EvaluatorFloat() {
   }

   public Float evaluate(Float v0, Float v1, float fraction) {",""
"Constructor:org/jdesktop/animation/timing/interpolation/EvaluatorEllipse2D.java:EvaluatorEllipse2D.EvaluatorEllipse2D#0","EvaluatorEllipse2D","org/jdesktop/animation/timing/interpolation/EvaluatorEllipse2D.java",5,6,"
class EvaluatorEllipse2D extends Evaluator<Ellipse2D> {
   public EvaluatorEllipse2D() {
   }

   public Ellipse2D evaluate(Ellipse2D v0, Ellipse2D v1, float fraction) {",""
"Constructor:org/jdesktop/animation/timing/interpolation/EvaluatorDouble.java:EvaluatorDouble.EvaluatorDouble#0","EvaluatorDouble","org/jdesktop/animation/timing/interpolation/EvaluatorDouble.java",3,4,"
class EvaluatorDouble extends Evaluator<Double> {
   public EvaluatorDouble() {
   }

   public Double evaluate(Double v0, Double v1, float fraction) {",""
"Constructor:org/jdesktop/animation/timing/interpolation/EvaluatorDimension2D.java:EvaluatorDimension2D.EvaluatorDimension2D#0","EvaluatorDimension2D","org/jdesktop/animation/timing/interpolation/EvaluatorDimension2D.java",5,6,"
class EvaluatorDimension2D extends Evaluator<Dimension2D> {
   public EvaluatorDimension2D() {
   }

   public Dimension2D evaluate(Dimension2D v0, Dimension2D v1, float fraction) {",""
"Constructor:org/jdesktop/animation/timing/interpolation/EvaluatorCubicCurve2D.java:EvaluatorCubicCurve2D.EvaluatorCubicCurve2D#0","EvaluatorCubicCurve2D","org/jdesktop/animation/timing/interpolation/EvaluatorCubicCurve2D.java",5,6,"
class EvaluatorCubicCurve2D extends Evaluator<CubicCurve2D> {
   public EvaluatorCubicCurve2D() {
   }

   public CubicCurve2D evaluate(CubicCurve2D v0, CubicCurve2D v1, float fraction) {",""
"Constructor:org/jdesktop/animation/timing/interpolation/EvaluatorColor.java:EvaluatorColor.EvaluatorColor#0","EvaluatorColor","org/jdesktop/animation/timing/interpolation/EvaluatorColor.java",5,6,"
class EvaluatorColor extends Evaluator<Color> {
   public EvaluatorColor() {
   }

   public Color evaluate(Color v0, Color v1, float fraction) {",""
"Constructor:org/jdesktop/animation/timing/interpolation/EvaluatorByte.java:EvaluatorByte.EvaluatorByte#0","EvaluatorByte","org/jdesktop/animation/timing/interpolation/EvaluatorByte.java",3,4,"
class EvaluatorByte extends Evaluator<Byte> {
   public EvaluatorByte() {
   }

   public Byte evaluate(Byte v0, Byte v1, float fraction) {",""
"Constructor:org/jdesktop/animation/timing/interpolation/EvaluatorArc2D.java:EvaluatorArc2D.EvaluatorArc2D#0","EvaluatorArc2D","org/jdesktop/animation/timing/interpolation/EvaluatorArc2D.java",5,6,"
class EvaluatorArc2D extends Evaluator<Arc2D> {
   public EvaluatorArc2D() {
   }

   public Arc2D evaluate(Arc2D v0, Arc2D v1, float fraction) {",""
"Constructor:org/jdesktop/animation/timing/interpolation/DiscreteInterpolator.java:DiscreteInterpolator.DiscreteInterpolator#0","DiscreteInterpolator","org/jdesktop/animation/timing/interpolation/DiscreteInterpolator.java",5,6,"   public  static DiscreteInterpolator instance = null;

   public  DiscreteInterpolator() {
   }

   public static DiscreteInterpolator getInstance() {",""
"Constructor:org/jdesktop/animation/timing/triggers/TriggerEvent.java:TriggerEvent.TriggerEvent#1","TriggerEvent","org/jdesktop/animation/timing/triggers/TriggerEvent.java",5,7,"   public  String name;

   protected TriggerEvent(String name) {
      this.name = name;
   }

   public TriggerEvent getOppositeEvent() {",""
"Constructor:org/jdesktop/animation/timing/triggers/Trigger.java:Trigger.Trigger#1","Trigger","org/jdesktop/animation/timing/triggers/Trigger.java",11,13,"   public  boolean autoReverse;

   protected Trigger(Animator animator) {
      this(animator, (TriggerEvent)null);
   }

   protected Trigger(Animator animator, TriggerEvent triggerEvent) {",""
"Constructor:org/jdesktop/animation/timing/triggers/Trigger.java:Trigger.Trigger#2","Trigger","org/jdesktop/animation/timing/triggers/Trigger.java",15,17,"   }

   protected Trigger(Animator animator, TriggerEvent triggerEvent) {
      this(animator, triggerEvent, false);
   }

   protected Trigger(Animator animator, TriggerEvent triggerEvent, boolean autoReverse) {",""
"Constructor:org/jdesktop/animation/timing/triggers/Trigger.java:Trigger.Trigger#3","Trigger","org/jdesktop/animation/timing/triggers/Trigger.java",19,25,"   }

   protected Trigger(Animator animator, TriggerEvent triggerEvent, boolean autoReverse) {
      this.disarmed = false;
      this.autoReverse = false;
      this.animator = animator;
      this.triggerEvent = triggerEvent;
      this.autoReverse = autoReverse;
   }

   public void disarm() {",""
"Constructor:org/jdesktop/animation/timing/triggers/TimingTriggerEvent.java:TimingTriggerEvent.TimingTriggerEvent#1","TimingTriggerEvent","org/jdesktop/animation/timing/triggers/TimingTriggerEvent.java",7,9,"   public static final TimingTriggerEvent REPEAT = new TimingTriggerEvent(""Repeat"");

   public  TimingTriggerEvent(String name) {
      super(name);
   }

   public TriggerEvent getOppositeEvent() {",""
"Constructor:org/jdesktop/animation/timing/triggers/TimingTrigger.java:TimingTrigger.TimingTrigger#2","TimingTrigger","org/jdesktop/animation/timing/triggers/TimingTrigger.java",19,21,"   }

   public TimingTrigger(Animator animator, TimingTriggerEvent event) {
      this(animator, event, false);
   }

   public TimingTrigger(Animator animator, TimingTriggerEvent event, boolean autoReverse) {",""
"Constructor:org/jdesktop/animation/timing/triggers/TimingTrigger.java:TimingTrigger.TimingTrigger#3","TimingTrigger","org/jdesktop/animation/timing/triggers/TimingTrigger.java",23,25,"   }

   public TimingTrigger(Animator animator, TimingTriggerEvent event, boolean autoReverse) {
      super(animator, event, autoReverse);
   }

   public void timingEvent(float fraction) {",""
"Constructor:org/jdesktop/animation/timing/triggers/MouseTriggerEvent.java:MouseTriggerEvent.MouseTriggerEvent#1","MouseTriggerEvent","org/jdesktop/animation/timing/triggers/MouseTriggerEvent.java",9,11,"   public static final MouseTriggerEvent CLICK = new MouseTriggerEvent(""Click"");

   public  MouseTriggerEvent(String name) {
      super(name);
   }

   public TriggerEvent getOppositeEvent() {",""
"Constructor:org/jdesktop/animation/timing/triggers/MouseTrigger.java:MouseTrigger.MouseTrigger#2","MouseTrigger","org/jdesktop/animation/timing/triggers/MouseTrigger.java",18,20,"   }

   public MouseTrigger(Animator animator, MouseTriggerEvent event) {
      this(animator, event, false);
   }

   public MouseTrigger(Animator animator, MouseTriggerEvent event, boolean autoReverse) {",""
"Constructor:org/jdesktop/animation/timing/triggers/MouseTrigger.java:MouseTrigger.MouseTrigger#3","MouseTrigger","org/jdesktop/animation/timing/triggers/MouseTrigger.java",22,24,"   }

   public MouseTrigger(Animator animator, MouseTriggerEvent event, boolean autoReverse) {
      super(animator, event, autoReverse);
   }

   public void mouseEntered(MouseEvent e) {",""
"Constructor:org/jdesktop/animation/timing/triggers/FocusTriggerEvent.java:FocusTriggerEvent.FocusTriggerEvent#1","FocusTriggerEvent","org/jdesktop/animation/timing/triggers/FocusTriggerEvent.java",6,8,"   public static final FocusTriggerEvent OUT = new FocusTriggerEvent(""FocusOut"");

   public  FocusTriggerEvent(String name) {
      super(name);
   }

   public TriggerEvent getOppositeEvent() {",""
"Constructor:org/jdesktop/animation/timing/triggers/FocusTrigger.java:FocusTrigger.FocusTrigger#2","FocusTrigger","org/jdesktop/animation/timing/triggers/FocusTrigger.java",18,20,"   }

   public FocusTrigger(Animator animator, FocusTriggerEvent event) {
      this(animator, event, false);
   }

   public FocusTrigger(Animator animator, FocusTriggerEvent event, boolean autoReverse) {",""
"Constructor:org/jdesktop/animation/timing/triggers/FocusTrigger.java:FocusTrigger.FocusTrigger#3","FocusTrigger","org/jdesktop/animation/timing/triggers/FocusTrigger.java",22,24,"   }

   public FocusTrigger(Animator animator, FocusTriggerEvent event, boolean autoReverse) {
      super(animator, event, autoReverse);
   }

   public void focusGained(FocusEvent e) {",""
"Constructor:org/jdesktop/animation/timing/triggers/ActionTrigger.java:ActionTrigger.ActionTrigger#1","ActionTrigger","org/jdesktop/animation/timing/triggers/ActionTrigger.java",20,22,"   }

   public ActionTrigger(Animator animator) {
      super(animator);
   }

   public void actionPerformed(ActionEvent ae) {",""
