id,name,filePath
"Folder:test","test","test"
"Folder:scroll","scroll","scroll"
"Folder:table","table","table"
"Folder:META-INF","META-INF","META-INF"
"Folder:com","com","com"
"Folder:com/tgame","tgame","com/tgame"
"Folder:com/tgame/model","model","com/tgame/model"
"Folder:com/langla","langla","com/langla"
"Folder:com/langla/utlis","utlis","com/langla/utlis"
"Folder:com/langla/lib","lib","com/langla/lib"
"Folder:com/langla/data","data","com/langla/data"
"Folder:com/langla/server","server","com/langla/server"
"Folder:com/langla/server/tool","tool","com/langla/server/tool"
"Folder:com/langla/server/main","main","com/langla/server/main"
"Folder:com/langla/server/handler","handler","com/langla/server/handler"
"Folder:com/langla/server/lib","lib","com/langla/server/lib"
"Folder:com/langla/real","real","com/langla/real"
"Folder:com/langla/real/trangbi","trangbi","com/langla/real/trangbi"
"Folder:com/langla/real/task","task","com/langla/real/task"
"Folder:com/langla/real/player","player","com/langla/real/player"
"Folder:com/langla/real/phucloi","phucloi","com/langla/real/phucloi"
"Folder:com/langla/real/npc","npc","com/langla/real/npc"
"Folder:com/langla/real/other","other","com/langla/real/other"
"Folder:com/langla/real/map","map","com/langla/real/map"
"Folder:com/langla/real/khobau","khobau","com/langla/real/khobau"
"Folder:com/langla/real/lucky","lucky","com/langla/real/lucky"
"Folder:com/langla/real/item","item","com/langla/real/item"
"Folder:com/langla/real/group","group","com/langla/real/group"
"Folder:com/langla/real/family","family","com/langla/real/family"
"Folder:com/langla/real/cho","cho","com/langla/real/cho"
"Folder:com/langla/real/baucua","baucua","com/langla/real/baucua"
"Folder:com/langla/real/bangxephang","bangxephang","com/langla/real/bangxephang"
"Folder:org","org","org"
"Folder:org/jdesktop","jdesktop","org/jdesktop"
"Folder:org/jdesktop/animation","animation","org/jdesktop/animation"
"Folder:org/jdesktop/animation/timing","timing","org/jdesktop/animation/timing"
"Folder:org/jdesktop/animation/timing/interpolation","interpolation","org/jdesktop/animation/timing/interpolation"
"Folder:org/jdesktop/animation/timing/triggers","triggers","org/jdesktop/animation/timing/triggers"
